event_id,scenario_type,expected_delay_delta,expected_risk_delta,expected_alert_delta,counterfactual_score,generated_at
FKID004401,A_recommended,0.0,0.0,0.0,0.0,2026-06-20T01:47:21.593060+00:00
FKID004401,B_no_action,41539.1437,11.0455,0.0,0.058055,2026-06-20T01:47:21.593060+00:00
FKID004401,C_reduced_resources,20769.5718,5.5228,0.0,0.029028,2026-06-20T01:47:21.593060+00:00
FKID004401,D_increased_resources,-157663.5723,-5.1519,-0.0,0.09165,2026-06-20T01:47:21.593060+00:00
FKID004401,E_diversion_disabled,0.0,0.0,0.0,0.0,2026-06-20T01:47:21.593060+00:00
FKID000002,A_recommended,0.0,0.0,0.0,0.0,2026-06-20T01:47:21.593060+00:00
FKID000002,B_no_action,29012.764,10.3743,0.0,0.049857,2026-06-20T01:47:21.593060+00:00
FKID000002,C_reduced_resources,14506.382,5.1871,0.0,0.024928,2026-06-20T01:47:21.593060+00:00
FKID000002,D_increased_resources,-157663.5723,-4.8388,-0.0,0.090554,2026-06-20T01:47:21.593060+00:00
FKID000002,E_diversion_disabled,0.0,0.0,0.0,0.0,2026-06-20T01:47:21.593060+00:00
FKID004492,A_recommended,0.0,0.0,0.0,0.0,2026-06-20T01:47:21.593060+00:00
FKID004492,B_no_action,35357.0816,11.601,0.0,0.057113,2026-06-20T01:47:21.593060+00:00
FKID004492,C_reduced_resources,17678.5408,5.8005,0.0,0.028556,2026-06-20T01:47:21.593060+00:00
FKID004492,D_increased_resources,-157663.5723,-5.411,-0.0,0.092557,2026-06-20T01:47:21.593060+00:00
FKID004492,E_diversion_disabled,0.0,0.0,0.0,0.0,2026-06-20T01:47:21.593060+00:00
FKID001592,A_recommended,0.0,0.0,0.0,0.0,2026-06-20T01:47:21.593060+00:00
FKID001592,B_no_action,54630.0776,12.1395,0.0,0.067997,2026-06-20T01:47:21.593060+00:00
FKID001592,C_reduced_resources,27315.0388,6.0697,0.0,0.033998,2026-06-20T01:47:21.593060+00:00
FKID001592,D_increased_resources,-157663.5723,-5.6622,-0.0,0.093436,2026-06-20T01:47:21.593060+00:00
FKID001592,E_diversion_disabled,0.0,0.0,0.0,0.0,2026-06-20T01:47:21.593060+00:00
FKID004531,A_recommended,0.0,0.0,0.0,0.0,2026-06-20T01:47:21.593060+00:00
FKID004531,B_no_action,19084.5256,12.4377,0.0,0.052443,2026-06-20T01:47:21.593060+00:00
FKID004531,C_reduced_resources,9542.2628,6.2188,0.0,0.026222,2026-06-20T01:47:21.593060+00:00
FKID004531,D_increased_resources,-157663.5723,-5.8013,-0.0,0.093923,2026-06-20T01:47:21.593060+00:00
FKID004531,E_diversion_disabled,0.0,0.0,0.0,0.0,2026-06-20T01:47:21.593060+00:00
FKID005996,A_recommended,0.0,0.0,0.0,0.0,2026-06-20T01:47:21.593060+00:00
FKID005996,B_no_action,21638.1941,15.4976,0.0,0.064345,2026-06-20T01:47:21.593060+00:00
FKID005996,C_reduced_resources,10819.0971,7.7488,0.0,0.032172,2026-06-20T01:47:21.593060+00:00
FKID005996,D_increased_resources,-157663.5723,-5.9277,-0.0,0.094365,2026-06-20T01:47:21.593060+00:00
FKID005996,E_diversion_disabled,0.0,0.0,0.0,0.0,2026-06-20T01:47:21.593060+00:00
FKID006015,A_recommended,0.0,0.0,0.0,0.0,2026-06-20T01:47:21.593060+00:00
FKID006015,B_no_action,51603.0964,13.1867,0.0,0.070249,2026-06-20T01:47:21.593060+00:00
FKID006015,C_reduced_resources,25801.5482,6.5934,0.0,0.035124,2026-06-20T01:47:21.593060+00:00
FKID006015,D_increased_resources,-157663.5723,-6.1506,-0.0,0.095145,2026-06-20T01:47:21.593060+00:00
FKID006015,E_diversion_disabled,0.0,0.0,0.0,0.0,2026-06-20T01:47:21.593060+00:00
FKID003897,A_recommended,0.0,0.0,0.0,0.0,2026-06-20T01:47:21.593060+00:00
FKID003897,B_no_action,38274.5876,14.7224,0.0,0.0694,2026-06-20T01:47:21.593060+00:00
FKID003897,C_reduced_resources,19137.2938,7.3612,0.0,0.0347,2026-06-20T01:47:21.593060+00:00
FKID003897,D_increased_resources,-157663.5723,-5.6312,-0.0,0.093327,2026-06-20T01:47:21.593060+00:00
FKID003897,E_diversion_disabled,0.0,0.0,0.0,0.0,2026-06-20T01:47:21.593060+00:00
FKID004806,A_recommended,0.0,0.0,0.0,0.0,2026-06-20T01:47:21.593060+00:00
FKID004806,B_no_action,35483.7062,12.8825,0.0,0.061657,2026-06-20T01:47:21.593060+00:00
FKID004806,C_reduced_resources,17741.8531,6.4412,0.0,0.030829,2026-06-20T01:47:21.593060+00:00
FKID004806,D_increased_resources,-157663.5723,-6.0087,-0.0,0.094649,2026-06-20T01:47:21.593060+00:00
FKID004806,E_diversion_disabled,0.0,0.0,0.0,0.0,2026-06-20T01:47:21.593060+00:00
FKID004829,A_recommended,0.0,0.0,0.0,0.0,2026-06-20T01:47:21.593060+00:00
FKID004829,B_no_action,40520.4411,12.2109,0.0,0.061659,2026-06-20T01:47:21.593060+00:00
FKID004829,C_reduced_resources,20260.2205,6.1055,0.0,0.030829,2026-06-20T01:47:21.593060+00:00
FKID004829,D_increased_resources,-157663.5723,-5.6955,-0.0,0.093552,2026-06-20T01:47:21.593060+00:00
FKID004829,E_diversion_disabled,0.0,0.0,0.0,0.0,2026-06-20T01:47:21.593060+00:00
FKID005244,A_recommended,0.0,0.0,0.0,0.0,2026-06-20T01:47:21.593060+00:00
FKID005244,B_no_action,12655.0474,11.5223,0.0,0.046237,2026-06-20T01:47:21.593060+00:00
FKID005244,C_reduced_resources,6327.5237,5.7612,0.0,0.023119,2026-06-20T01:47:21.593060+00:00
FKID005244,D_increased_resources,-157663.5723,-5.3743,-0.0,0.092428,2026-06-20T01:47:21.593060+00:00
FKID005244,E_diversion_disabled,0.0,0.0,0.0,0.0,2026-06-20T01:47:21.593060+00:00
FKID000923,A_recommended,0.0,0.0,0.0,0.0,2026-06-20T01:47:21.593060+00:00
FKID000923,B_no_action,87621.7755,19.0692,0.0,0.107655,2026-06-20T01:47:21.593060+00:00
FKID000923,C_reduced_resources,43810.8878,9.5346,0.0,0.053828,2026-06-20T01:47:21.593060+00:00
FKID000923,D_increased_resources,-157663.5723,-6.0689,-0.0,0.094859,2026-06-20T01:47:21.593060+00:00
FKID000923,E_diversion_disabled,0.0,0.0,0.0,0.0,2026-06-20T01:47:21.593060+00:00
FKID006340,A_recommended,0.0,0.0,0.0,0.0,2026-06-20T01:47:21.593060+00:00
FKID006340,B_no_action,548133.0984,15.3253,0.0,0.309579,2026-06-20T01:47:21.593060+00:00
FKID006340,C_reduced_resources,274066.5492,7.6626,0.0,0.154789,2026-06-20T01:47:21.593060+00:00
FKID006340,D_increased_resources,-157663.5723,-7.1481,-0.0,0.098636,2026-06-20T01:47:21.593060+00:00
FKID006340,E_diversion_disabled,0.0,0.0,0.0,0.0,2026-06-20T01:47:21.593060+00:00
FKID006361,A_recommended,0.0,0.0,0.0,0.0,2026-06-20T01:47:21.593060+00:00
FKID006361,B_no_action,75123.6544,22.9719,0.0,0.115479,2026-06-20T01:47:21.593060+00:00
FKID006361,C_reduced_resources,37561.8272,11.4859,0.0,0.05774,2026-06-20T01:47:21.593060+00:00
FKID006361,D_increased_resources,-157663.5723,-6.3394,-0.0,0.095806,2026-06-20T01:47:21.593060+00:00
FKID006361,E_diversion_disabled,22537.0963,4.7546,0.0,0.027164,2026-06-20T01:47:21.593060+00:00
FKID006514,A_recommended,0.0,0.0,0.0,0.0,2026-06-20T01:47:21.593060+00:00
FKID006514,B_no_action,22360.1389,22.3561,0.0,0.088687,2026-06-20T01:47:21.593060+00:00
FKID006514,C_reduced_resources,11180.0694,11.1781,0.0,0.044344,2026-06-20T01:47:21.593060+00:00
FKID006514,D_increased_resources,-157663.5723,-6.1695,-0.0,0.095211,2026-06-20T01:47:21.593060+00:00
FKID006514,E_diversion_disabled,6708.0417,4.6271,0.0,0.019327,2026-06-20T01:47:21.593060+00:00
FKID000316,A_recommended,0.0,0.0,0.0,0.0,2026-06-20T01:47:21.593060+00:00
FKID000316,B_no_action,103679.1639,22.4941,0.0,0.127141,2026-06-20T01:47:21.593060+00:00
FKID000316,C_reduced_resources,51839.582,11.2471,0.0,0.06357,2026-06-20T01:47:21.593060+00:00
FKID000316,D_increased_resources,-157663.5723,-6.2076,-0.0,0.095345,2026-06-20T01:47:21.593060+00:00
FKID000316,E_diversion_disabled,31103.7492,4.6557,0.0,0.030818,2026-06-20T01:47:21.593060+00:00
FKID003911,A_recommended,0.0,0.0,0.0,0.0,2026-06-20T01:47:21.593060+00:00
FKID003911,B_no_action,84551.1843,19.1538,0.0,0.106518,2026-06-20T01:47:21.593060+00:00
FKID003911,C_reduced_resources,42275.5921,9.5769,0.0,0.053259,2026-06-20T01:47:21.593060+00:00
FKID003911,D_increased_resources,-157663.5723,-6.0958,-0.0,0.094953,2026-06-20T01:47:21.593060+00:00
FKID003911,E_diversion_disabled,0.0,0.0,0.0,0.0,2026-06-20T01:47:21.593060+00:00
FKID004711,A_recommended,0.0,0.0,0.0,0.0,2026-06-20T01:47:21.593060+00:00
FKID004711,B_no_action,18224.1168,12.883,0.0,0.0536,2026-06-20T01:47:21.593060+00:00
FKID004711,C_reduced_resources,9112.0584,6.4415,0.0,0.0268,2026-06-20T01:47:21.593060+00:00
FKID004711,D_increased_resources,-157663.5723,-6.009,-0.0,0.094649,2026-06-20T01:47:21.593060+00:00
FKID004711,E_diversion_disabled,0.0,0.0,0.0,0.0,2026-06-20T01:47:21.593060+00:00
FKID001133,A_recommended,0.0,0.0,0.0,0.0,2026-06-20T01:47:21.593060+00:00
FKID001133,B_no_action,65454.4172,15.7594,0.0,0.085721,2026-06-20T01:47:21.593060+00:00
FKID001133,C_reduced_resources,32727.2086,7.8797,0.0,0.04286,2026-06-20T01:47:21.593060+00:00
FKID001133,D_increased_resources,-157663.5723,-6.0279,-0.0,0.094716,2026-06-20T01:47:21.593060+00:00
FKID001133,E_diversion_disabled,0.0,0.0,0.0,0.0,2026-06-20T01:47:21.593060+00:00
FKID005079,A_recommended,0.0,0.0,0.0,0.0,2026-06-20T01:47:21.593060+00:00
FKID005079,B_no_action,43191.312,12.1412,0.0,0.062662,2026-06-20T01:47:21.593060+00:00
FKID005079,C_reduced_resources,21595.656,6.0706,0.0,0.031331,2026-06-20T01:47:21.593060+00:00
FKID005079,D_increased_resources,-157663.5723,-5.663,-0.0,0.093439,2026-06-20T01:47:21.593060+00:00
FKID005079,E_diversion_disabled,0.0,0.0,0.0,0.0,2026-06-20T01:47:21.593060+00:00
FKID000944,A_recommended,0.0,0.0,0.0,0.0,2026-06-20T01:47:21.593060+00:00
FKID000944,B_no_action,129701.8854,22.5133,0.0,0.139358,2026-06-20T01:47:21.593060+00:00
FKID000944,C_reduced_resources,64850.9427,11.2567,0.0,0.069679,2026-06-20T01:47:21.593060+00:00
FKID000944,D_increased_resources,-157663.5723,-6.2129,-0.0,0.095363,2026-06-20T01:47:21.593060+00:00
FKID000944,E_diversion_disabled,0.0,0.0,0.0,0.0,2026-06-20T01:47:21.593060+00:00
FKID006955,A_recommended,0.0,0.0,0.0,0.0,2026-06-20T01:47:21.593060+00:00
FKID006955,B_no_action,381293.0665,14.9997,0.4369,0.428812,2026-06-20T01:47:21.593060+00:00
FKID006955,C_reduced_resources,190646.5332,7.4998,0.2185,0.214406,2026-06-20T01:47:21.593060+00:00
FKID006955,D_increased_resources,-157663.5723,-6.9963,-0.1092,0.147674,2026-06-20T01:47:21.593060+00:00
FKID006955,E_diversion_disabled,114387.9199,5.2472,0.0,0.071776,2026-06-20T01:47:21.593060+00:00
FKID005137,A_recommended,0.0,0.0,0.0,0.0,2026-06-20T01:47:21.593060+00:00
FKID005137,B_no_action,54774.883,12.2775,0.0,0.068547,2026-06-20T01:47:21.593060+00:00
FKID005137,C_reduced_resources,27387.4415,6.1387,0.0,0.034274,2026-06-20T01:47:21.593060+00:00
FKID005137,D_increased_resources,-157663.5723,-5.7266,-0.0,0.093661,2026-06-20T01:47:21.593060+00:00
FKID005137,E_diversion_disabled,0.0,0.0,0.0,0.0,2026-06-20T01:47:21.593060+00:00
FKID004125,A_recommended,0.0,0.0,0.0,0.0,2026-06-20T01:47:21.593060+00:00
FKID004125,B_no_action,69746.5297,22.8999,0.0,0.112716,2026-06-20T01:47:21.593060+00:00
FKID004125,C_reduced_resources,34873.2649,11.4499,0.0,0.056358,2026-06-20T01:47:21.593060+00:00
FKID004125,D_increased_resources,-157663.5723,-6.3196,-0.0,0.095737,2026-06-20T01:47:21.593060+00:00
FKID004125,E_diversion_disabled,20923.9589,4.7397,0.0,0.026359,2026-06-20T01:47:21.593060+00:00
FKID001125,A_recommended,0.0,0.0,0.0,0.0,2026-06-20T01:47:21.593060+00:00
FKID001125,B_no_action,113555.6031,23.133,0.0,0.133988,2026-06-20T01:47:21.593060+00:00
FKID001125,C_reduced_resources,56777.8015,11.5665,0.0,0.066994,2026-06-20T01:47:21.593060+00:00
FKID001125,D_increased_resources,-157663.5723,-6.3839,-0.0,0.095962,2026-06-20T01:47:21.593060+00:00
FKID001125,E_diversion_disabled,34066.6809,4.7879,0.0,0.032665,2026-06-20T01:47:21.593060+00:00
FKID007137,A_recommended,0.0,0.0,0.0,0.0,2026-06-20T01:47:21.593060+00:00
FKID007137,B_no_action,30504.9402,15.5347,0.0,0.068615,2026-06-20T01:47:21.593060+00:00
FKID007137,C_reduced_resources,15252.4701,7.7673,0.0,0.034308,2026-06-20T01:47:21.593060+00:00
FKID007137,D_increased_resources,-157663.5723,-5.9419,-0.0,0.094415,2026-06-20T01:47:21.593060+00:00
FKID007137,E_diversion_disabled,0.0,0.0,0.0,0.0,2026-06-20T01:47:21.593060+00:00
FKID007189,A_recommended,0.0,0.0,0.0,0.0,2026-06-20T01:47:21.593060+00:00
FKID007189,B_no_action,35588.9519,18.9909,0.0,0.083086,2026-06-20T01:47:21.593060+00:00
FKID007189,C_reduced_resources,17794.476,9.4955,0.0,0.041543,2026-06-20T01:47:21.593060+00:00
FKID007189,D_increased_resources,-157663.5723,-6.044,-0.0,0.094772,2026-06-20T01:47:21.593060+00:00
FKID007189,E_diversion_disabled,0.0,0.0,0.0,0.0,2026-06-20T01:47:21.593060+00:00
FKID001646,A_recommended,0.0,0.0,0.0,0.0,2026-06-20T01:47:21.593060+00:00
FKID001646,B_no_action,48826.8325,15.1916,0.0,0.075969,2026-06-20T01:47:21.593060+00:00
FKID001646,C_reduced_resources,24413.4163,7.5958,0.0,0.037985,2026-06-20T01:47:21.593060+00:00
FKID001646,D_increased_resources,-157663.5723,-5.8107,-0.0,0.093955,2026-06-20T01:47:21.593060+00:00
FKID001646,E_diversion_disabled,0.0,0.0,0.0,0.0,2026-06-20T01:47:21.593060+00:00
FKID005593,A_recommended,0.0,0.0,0.0,0.0,2026-06-20T01:47:21.593060+00:00
FKID005593,B_no_action,57981.6135,12.3922,0.0,0.070446,2026-06-20T01:47:21.593060+00:00
FKID005593,C_reduced_resources,28990.8067,6.1961,0.0,0.035223,2026-06-20T01:47:21.593060+00:00
FKID005593,D_increased_resources,-157663.5723,-5.7801,-0.0,0.093848,2026-06-20T01:47:21.593060+00:00
FKID005593,E_diversion_disabled,0.0,0.0,0.0,0.0,2026-06-20T01:47:21.593060+00:00
FKID000129,A_recommended,0.0,0.0,0.0,0.0,2026-06-20T01:47:21.593060+00:00
FKID000129,B_no_action,86587.8213,19.2763,0.0,0.107898,2026-06-20T01:47:21.593060+00:00
FKID000129,C_reduced_resources,43293.9106,9.6382,0.0,0.053949,2026-06-20T01:47:21.593060+00:00
FKID000129,D_increased_resources,-157663.5723,-6.1348,-0.0,0.09509,2026-06-20T01:47:21.593060+00:00
FKID000129,E_diversion_disabled,0.0,0.0,0.0,0.0,2026-06-20T01:47:21.593060+00:00
FKID005194,A_recommended,0.0,0.0,0.0,0.0,2026-06-20T01:47:21.593060+00:00
FKID005194,B_no_action,39807.2761,11.9465,0.0,0.0604,2026-06-20T01:47:21.593060+00:00
FKID005194,C_reduced_resources,19903.6381,5.9732,0.0,0.0302,2026-06-20T01:47:21.593060+00:00
FKID005194,D_increased_resources,-157663.5723,-5.5722,-0.0,0.093121,2026-06-20T01:47:21.593060+00:00
FKID005194,E_diversion_disabled,0.0,0.0,0.0,0.0,2026-06-20T01:47:21.593060+00:00
FKID001288,A_recommended,0.0,0.0,0.0,0.0,2026-06-20T01:47:21.593060+00:00
FKID001288,B_no_action,136518.1027,23.2899,0.0,0.145259,2026-06-20T01:47:21.593060+00:00
FKID001288,C_reduced_resources,68259.0513,11.645,0.0,0.07263,2026-06-20T01:47:21.593060+00:00
FKID001288,D_increased_resources,-157663.5723,-6.4272,-0.0,0.096113,2026-06-20T01:47:21.593060+00:00
FKID001288,E_diversion_disabled,40955.4308,4.8204,0.0,0.035995,2026-06-20T01:47:21.593060+00:00
FKID001693,A_recommended,0.0,0.0,0.0,0.0,2026-06-20T01:47:21.593060+00:00
FKID001693,B_no_action,66349.9131,22.5252,0.0,0.109819,2026-06-20T01:47:21.593060+00:00
FKID001693,C_reduced_resources,33174.9565,11.2626,0.0,0.05491,2026-06-20T01:47:21.593060+00:00
FKID001693,D_increased_resources,-157663.5723,-6.2162,-0.0,0.095375,2026-06-20T01:47:21.593060+00:00
FKID001693,E_diversion_disabled,19904.9739,4.6621,0.0,0.025612,2026-06-20T01:47:21.593060+00:00
FKID000022,A_recommended,0.0,0.0,0.0,0.0,2026-06-20T01:47:21.593060+00:00
FKID000022,B_no_action,82558.334,23.5768,0.0,0.121068,2026-06-20T01:47:21.593060+00:00
FKID000022,C_reduced_resources,41279.167,11.7884,0.0,0.060534,2026-06-20T01:47:21.593060+00:00
FKID000022,D_increased_resources,-157663.5723,-6.5064,-0.0,0.09639,2026-06-20T01:47:21.593060+00:00
FKID000022,E_diversion_disabled,24767.5002,4.8798,0.0,0.028644,2026-06-20T01:47:21.593060+00:00
FKID004519,A_recommended,0.0,0.0,0.0,0.0,2026-06-20T01:47:21.593060+00:00
FKID004519,B_no_action,40872.4856,12.0821,0.0,0.061372,2026-06-20T01:47:21.593060+00:00
FKID004519,C_reduced_resources,20436.2428,6.041,0.0,0.030686,2026-06-20T01:47:21.593060+00:00
FKID004519,D_increased_resources,-157663.5723,-5.6354,-0.0,0.093342,2026-06-20T01:47:21.593060+00:00
FKID004519,E_diversion_disabled,0.0,0.0,0.0,0.0,2026-06-20T01:47:21.593060+00:00
FKID007660,A_recommended,0.0,0.0,0.0,0.0,2026-06-20T01:47:21.593060+00:00
FKID007660,B_no_action,43862.8826,24.8483,0.0,0.10745,2026-06-20T01:47:21.593060+00:00
FKID007660,C_reduced_resources,21931.4413,12.4242,0.0,0.053725,2026-06-20T01:47:21.593060+00:00
FKID007660,D_increased_resources,-157663.5723,-6.8573,-0.0,0.097618,2026-06-20T01:47:21.593060+00:00
FKID007660,E_diversion_disabled,13158.8648,5.143,0.0,0.024145,2026-06-20T01:47:21.593060+00:00
FKID004408,A_recommended,0.0,0.0,0.0,0.0,2026-06-20T01:47:21.593060+00:00
FKID004408,B_no_action,39691.0157,12.2456,0.0,0.061393,2026-06-20T01:47:21.593060+00:00
FKID004408,C_reduced_resources,19845.5079,6.1228,0.0,0.030696,2026-06-20T01:47:21.593060+00:00
FKID004408,D_increased_resources,-157663.5723,-5.7117,-0.0,0.093609,2026-06-20T01:47:21.593060+00:00
FKID004408,E_diversion_disabled,0.0,0.0,0.0,0.0,2026-06-20T01:47:21.593060+00:00
FKID000842,A_recommended,0.0,0.0,0.0,0.0,2026-06-20T01:47:21.593060+00:00
FKID000842,B_no_action,57185.4489,19.2835,0.0,0.094194,2026-06-20T01:47:21.593060+00:00
FKID000842,C_reduced_resources,28592.7244,9.6418,0.0,0.047097,2026-06-20T01:47:21.593060+00:00
FKID000842,D_increased_resources,-157663.5723,-6.1371,-0.0,0.095098,2026-06-20T01:47:21.593060+00:00
FKID000842,E_diversion_disabled,0.0,0.0,0.0,0.0,2026-06-20T01:47:21.593060+00:00
FKID004694,A_recommended,0.0,0.0,0.0,0.0,2026-06-20T01:47:21.593060+00:00
FKID004694,B_no_action,47255.0053,12.3332,0.0,0.065231,2026-06-20T01:47:21.593060+00:00
FKID004694,C_reduced_resources,23627.5026,6.1666,0.0,0.032616,2026-06-20T01:47:21.593060+00:00
FKID004694,D_increased_resources,-157663.5723,-5.7525,-0.0,0.093752,2026-06-20T01:47:21.593060+00:00
FKID004694,E_diversion_disabled,0.0,0.0,0.0,0.0,2026-06-20T01:47:21.593060+00:00
FKID004967,A_recommended,0.0,0.0,0.0,0.0,2026-06-20T01:47:21.593060+00:00
FKID004967,B_no_action,34037.8196,12.0053,0.0,0.057912,2026-06-20T01:47:21.593060+00:00
FKID004967,C_reduced_resources,17018.9098,6.0027,0.0,0.028956,2026-06-20T01:47:21.593060+00:00
FKID004967,D_increased_resources,-157663.5723,-5.5996,-0.0,0.093217,2026-06-20T01:47:21.593060+00:00
FKID004967,E_diversion_disabled,0.0,0.0,0.0,0.0,2026-06-20T01:47:21.593060+00:00
FKID008103,A_recommended,0.0,0.0,0.0,0.0,2026-06-20T01:47:21.593060+00:00
FKID008103,B_no_action,256837.4802,14.0551,0.0,0.169118,2026-06-20T01:47:21.593060+00:00
FKID008103,C_reduced_resources,128418.7401,7.0275,0.0,0.084559,2026-06-20T01:47:21.593060+00:00
FKID008103,D_increased_resources,-157663.5723,-6.5557,-0.0,0.096563,2026-06-20T01:47:21.593060+00:00
FKID008103,E_diversion_disabled,0.0,0.0,0.0,0.0,2026-06-20T01:47:21.593060+00:00
FKID000164,A_recommended,0.0,0.0,0.0,0.0,2026-06-20T01:47:21.593060+00:00
FKID000164,B_no_action,44839.7909,12.4168,0.0,0.064396,2026-06-20T01:47:21.593060+00:00
FKID000164,C_reduced_resources,22419.8954,6.2084,0.0,0.032198,2026-06-20T01:47:21.593060+00:00
FKID000164,D_increased_resources,-157663.5723,-5.7915,-0.0,0.093888,2026-06-20T01:47:21.593060+00:00
FKID000164,E_diversion_disabled,0.0,0.0,0.0,0.0,2026-06-20T01:47:21.593060+00:00
FKID000346,A_recommended,0.0,0.0,0.0,0.0,2026-06-20T01:47:21.593060+00:00
FKID000346,B_no_action,62645.6013,12.1156,0.0,0.071656,2026-06-20T01:47:21.593060+00:00
FKID000346,C_reduced_resources,31322.8007,6.0578,0.0,0.035828,2026-06-20T01:47:21.593060+00:00
FKID000346,D_increased_resources,-157663.5723,-5.6511,-0.0,0.093397,2026-06-20T01:47:21.593060+00:00
FKID000346,E_diversion_disabled,0.0,0.0,0.0,0.0,2026-06-20T01:47:21.593060+00:00
FKID003103,A_recommended,0.0,0.0,0.0,0.0,2026-06-20T01:47:21.593060+00:00
FKID003103,B_no_action,41404.5335,12.4679,0.0,0.062971,2026-06-20T01:47:21.593060+00:00
FKID003103,C_reduced_resources,20702.2668,6.234,0.0,0.031485,2026-06-20T01:47:21.593060+00:00
FKID003103,D_increased_resources,-157663.5723,-5.8154,-0.0,0.093972,2026-06-20T01:47:21.593060+00:00
FKID003103,E_diversion_disabled,0.0,0.0,0.0,0.0,2026-06-20T01:47:21.593060+00:00
FKID001931,A_recommended,0.0,0.0,0.0,0.0,2026-06-20T01:47:21.593060+00:00
FKID001931,B_no_action,25758.293,12.5355,0.0,0.055902,2026-06-20T01:47:21.593060+00:00
FKID001931,C_reduced_resources,12879.1465,6.2678,0.0,0.027951,2026-06-20T01:47:21.593060+00:00
FKID001931,D_increased_resources,-157663.5723,-5.8469,-0.0,0.094082,2026-06-20T01:47:21.593060+00:00
FKID001931,E_diversion_disabled,0.0,0.0,0.0,0.0,2026-06-20T01:47:21.593060+00:00
FKID001932,A_recommended,0.0,0.0,0.0,0.0,2026-06-20T01:47:21.593060+00:00
FKID001932,B_no_action,27521.4646,12.4794,0.0,0.056528,2026-06-20T01:47:21.593060+00:00
FKID001932,C_reduced_resources,13760.7323,6.2397,0.0,0.028264,2026-06-20T01:47:21.593060+00:00
FKID001932,D_increased_resources,-157663.5723,-5.8207,-0.0,0.093991,2026-06-20T01:47:21.593060+00:00
FKID001932,E_diversion_disabled,0.0,0.0,0.0,0.0,2026-06-20T01:47:21.593060+00:00
FKID000528,A_recommended,0.0,0.0,0.0,0.0,2026-06-20T01:47:21.593060+00:00
FKID000528,B_no_action,11569.8066,13.0208,0.0,0.050975,2026-06-20T01:47:21.593060+00:00
FKID000528,C_reduced_resources,5784.9033,6.5104,0.0,0.025488,2026-06-20T01:47:21.593060+00:00
FKID000528,D_increased_resources,-157663.5723,-6.0733,-0.0,0.094875,2026-06-20T01:47:21.593060+00:00
FKID000528,E_diversion_disabled,0.0,0.0,0.0,0.0,2026-06-20T01:47:21.593060+00:00
FKID000968,A_recommended,0.0,0.0,0.0,0.0,2026-06-20T01:47:21.593060+00:00
FKID000968,B_no_action,11212.0693,12.6821,0.0,0.049623,2026-06-20T01:47:21.593060+00:00
FKID000968,C_reduced_resources,5606.0346,6.3411,0.0,0.024811,2026-06-20T01:47:21.593060+00:00
FKID000968,D_increased_resources,-157663.5723,-5.9153,-0.0,0.094322,2026-06-20T01:47:21.593060+00:00
FKID000968,E_diversion_disabled,0.0,0.0,0.0,0.0,2026-06-20T01:47:21.593060+00:00
FKID001489,A_recommended,0.0,0.0,0.0,0.0,2026-06-20T01:47:21.593060+00:00
FKID001489,B_no_action,20840.0636,12.2533,0.0,0.052617,2026-06-20T01:47:21.593060+00:00
FKID001489,C_reduced_resources,10420.0318,6.1267,0.0,0.026309,2026-06-20T01:47:21.593060+00:00
FKID001489,D_increased_resources,-157663.5723,-5.7153,-0.0,0.093622,2026-06-20T01:47:21.593060+00:00
FKID001489,E_diversion_disabled,0.0,0.0,0.0,0.0,2026-06-20T01:47:21.593060+00:00
FKID003235,A_recommended,0.0,0.0,0.0,0.0,2026-06-20T01:47:21.593060+00:00
FKID003235,B_no_action,13422.8094,12.2996,0.0,0.049316,2026-06-20T01:47:21.593060+00:00
FKID003235,C_reduced_resources,6711.4047,6.1498,0.0,0.024658,2026-06-20T01:47:21.593060+00:00
FKID003235,D_increased_resources,-157663.5723,-5.7369,-0.0,0.093697,2026-06-20T01:47:21.593060+00:00
FKID003235,E_diversion_disabled,0.0,0.0,0.0,0.0,2026-06-20T01:47:21.593060+00:00
